[
{
  "model": "webapp.issue",
  "pk": 1,
  "fields": {
    "summary": "Create a task for the menu \"Loans\"",
    "description": "Write a task for the menu \"Loans\". Add a field for calculating limits on new loans.",
    "status": 1,
    "type": 4,
    "project": 1,
    "create": "2019-09-24T00:00:00Z",
    "update": "2019-10-14T12:28:21.267Z",
    "created_by": null,
    "assigned_to": null
  }
},
{
  "model": "webapp.issue",
  "pk": 2,
  "fields": {
    "summary": "Correct an error in menu \"Retail\"",
    "description": "Correct an error in menu \"Retail. Correct the calculation of the commission for translation services.",
    "status": 3,
    "type": 1,
    "project": 2,
    "create": "2019-09-24T00:00:00Z",
    "update": "2019-10-14T12:32:29.478Z",
    "created_by": null,
    "assigned_to": null
  }
},
{
  "model": "webapp.issue",
  "pk": 3,
  "fields": {
    "summary": "Menu \"Deposits\"",
    "description": "Change effective interest rate on term deposits.",
    "status": 3,
    "type": 1,
    "project": 3,
    "create": "2019-09-24T15:30:37.471Z",
    "update": "2019-10-14T12:52:24.367Z",
    "created_by": null,
    "assigned_to": null
  }
},
{
  "model": "webapp.issue",
  "pk": 4,
  "fields": {
    "summary": "Safe Box Operations",
    "description": "Create models of agreements for the use of safe boxes in connection with the implementation of this service.",
    "status": 2,
    "type": 4,
    "project": 3,
    "create": "2019-09-24T15:33:23.841Z",
    "update": "2019-11-14T12:08:12.235Z",
    "created_by": null,
    "assigned_to": null
  }
},
{
  "model": "webapp.issue",
  "pk": 5,
  "fields": {
    "summary": "Internet banking",
    "description": "Improve Internet banking for payments on loan repayments, crediting funds on the same business day.",
    "status": 3,
    "type": 3,
    "project": 5,
    "create": "2019-09-24T00:00:00Z",
    "update": "2019-10-14T12:32:46.882Z",
    "created_by": null,
    "assigned_to": null
  }
},
{
  "model": "webapp.issue",
  "pk": 6,
  "fields": {
    "summary": "Internet banking test, menu acounting.",
    "description": "",
    "status": 1,
    "type": 1,
    "project": 5,
    "create": "2019-09-25T00:00:00Z",
    "update": "2019-10-14T12:28:21.267Z",
    "created_by": null,
    "assigned_to": null
  }
},
{
  "model": "webapp.issue",
  "pk": 7,
  "fields": {
    "summary": "Salary",
    "description": "Change the payroll program, change the income tax rate.",
    "status": 3,
    "type": 3,
    "project": 4,
    "create": "2019-09-25T13:44:53.565Z",
    "update": "2019-11-07T11:18:42.570Z",
    "created_by": null,
    "assigned_to": 5
  }
},
{
  "model": "webapp.issue",
  "pk": 8,
  "fields": {
    "summary": "Bank operational day",
    "description": "Recalculate all taxes and depreciation expenses.",
    "status": 2,
    "type": 1,
    "project": 4,
    "create": "2019-09-26T10:51:31.412Z",
    "update": "2019-11-07T11:10:11.681Z",
    "created_by": null,
    "assigned_to": 3
  }
},
{
  "model": "webapp.issue",
  "pk": 43,
  "fields": {
    "summary": "\u0434\u043e\u043c\u0430\u0448\u043a\u0430 53",
    "description": "\u0421\u0434\u0435\u043b\u0430\u043b\u0430 \u0438 \u0431\u043e\u043d\u0443\u0441 \u0442\u043e\u0436\u0435.",
    "status": 2,
    "type": 1,
    "project": 12,
    "create": "2019-10-09T13:51:37.505Z",
    "update": "2019-10-14T12:31:12.544Z",
    "created_by": null,
    "assigned_to": null
  }
},
{
  "model": "webapp.issue",
  "pk": 44,
  "fields": {
    "summary": "New loans products.",
    "description": "Develop interest rates for a new type of loan. Develop a pledge agreement.",
    "status": 2,
    "type": 4,
    "project": 1,
    "create": "2019-10-09T14:24:46.511Z",
    "update": "2019-10-14T12:28:21.267Z",
    "created_by": null,
    "assigned_to": null
  }
},
{
  "model": "webapp.issue",
  "pk": 50,
  "fields": {
    "summary": "Deposits",
    "description": "Create new",
    "status": 1,
    "type": 1,
    "project": 26,
    "create": "2019-10-10T09:47:38.984Z",
    "update": "2019-10-14T12:28:21.267Z",
    "created_by": null,
    "assigned_to": null
  }
},
{
  "model": "webapp.issue",
  "pk": 51,
  "fields": {
    "summary": "Overdraft",
    "description": "Overdraft for a salary project. Change commission for overdraft issuance.",
    "status": 2,
    "type": 1,
    "project": 27,
    "create": "2019-10-10T09:50:41.157Z",
    "update": "2019-10-14T12:32:10.881Z",
    "created_by": null,
    "assigned_to": null
  }
},
{
  "model": "webapp.issue",
  "pk": 89,
  "fields": {
    "summary": "\u041d\u043e\u0432\u044b\u0439 \u0432\u0438\u0434 \u0434\u0435\u043f\u043e\u0437\u0438\u0442\u0430.",
    "description": "\u0420\u0430\u0437\u0430\u0440\u0430\u0431\u043e\u0442\u0430\u0442\u044c \u043f\u0440\u043e\u0446\u0435\u0434\u0443\u0440\u0443 \u043f\u043e \u043d\u043e\u0432\u043e\u043c\u0443 \u0432\u0438\u0434\u0443 \u0434\u0435\u043f\u043e\u0437\u0438\u0442\u0430.",
    "status": 1,
    "type": 3,
    "project": 26,
    "create": "2019-11-07T09:36:53.864Z",
    "update": "2019-11-07T09:36:54.479Z",
    "created_by": 3,
    "assigned_to": 4
  }
},
{
  "model": "webapp.issue",
  "pk": 90,
  "fields": {
    "summary": "\u041d\u043e\u0432\u0430\u044f \u0441\u0438\u0441\u0442\u0435\u043c\u0430 \u0434\u0435\u043d\u0435\u0436\u043d\u044b\u0445 \u043f\u0435\u0440\u0435\u0432\u043e\u0434\u043e\u0432.",
    "description": "\u041f\u0440\u043e\u0432\u0435\u0441\u0442\u0438 \u043c\u0430\u0440\u043a\u0435\u0442\u0438\u043d\u0433\u043e\u0432\u044b\u0435 \u043c\u0435\u0440\u043e\u043f\u0440\u0438\u044f\u0442\u0438\u044f.",
    "status": 1,
    "type": 3,
    "project": 2,
    "create": "2019-11-07T10:53:06.840Z",
    "update": "2019-11-07T10:53:07.433Z",
    "created_by": 3,
    "assigned_to": 3
  }
},
{
  "model": "webapp.issue",
  "pk": 92,
  "fields": {
    "summary": "\u041d\u043e\u0432\u044b\u0439 \u0432\u0438\u0434 \u043e\u0432\u0435\u0440\u0434\u0440\u0430\u0444\u0442\u0430",
    "description": "",
    "status": 2,
    "type": 4,
    "project": 2,
    "create": "2019-11-07T11:05:13.183Z",
    "update": "2019-11-07T11:05:35.766Z",
    "created_by": 3,
    "assigned_to": 4
  }
},
{
  "model": "webapp.issue",
  "pk": 93,
  "fields": {
    "summary": "\u041e\u0441\u043d\u043e\u0432\u043d\u044b\u0435 \u0441\u0440\u0435\u0434\u0441\u0442\u0432\u0430",
    "description": "",
    "status": 2,
    "type": 4,
    "project": 4,
    "create": "2019-11-07T11:11:46.318Z",
    "update": "2019-11-07T11:11:46.823Z",
    "created_by": 3,
    "assigned_to": 3
  }
},
{
  "model": "webapp.issue",
  "pk": 94,
  "fields": {
    "summary": "\u041e\u0431\u0441\u043b\u0443\u0436\u0438\u0432\u0430\u043d\u0438\u0435 \u0444\u0438\u0437 \u043b\u0438\u0446",
    "description": "",
    "status": 2,
    "type": 3,
    "project": 4,
    "create": "2019-11-07T11:17:09.140Z",
    "update": "2019-11-07T11:18:23.698Z",
    "created_by": 3,
    "assigned_to": 5
  }
},
{
  "model": "webapp.issue",
  "pk": 95,
  "fields": {
    "summary": "\u041e\u0431\u0441\u043b\u0443\u0436\u0438\u0432\u0430\u043d\u0438\u0435 \u0444\u0438\u0437 \u043b\u0438\u0446 \u043f\u043e \u0432\u043a\u043b\u0430\u0434\u0430\u043c",
    "description": "",
    "status": 2,
    "type": 4,
    "project": 3,
    "create": "2019-11-07T11:31:48.815Z",
    "update": "2019-11-07T11:33:06.562Z",
    "created_by": 4,
    "assigned_to": 2
  }
},
{
  "model": "webapp.issue",
  "pk": 96,
  "fields": {
    "summary": "\u0412\u043a\u043b\u0430\u0434\u044b \u0441\u0440\u043e\u0447\u043d\u044b\u0435",
    "description": "",
    "status": 10,
    "type": 4,
    "project": 3,
    "create": "2019-11-07T11:33:46.629Z",
    "update": "2019-11-07T11:33:47.126Z",
    "created_by": 4,
    "assigned_to": 4
  }
},
{
  "model": "webapp.issue",
  "pk": 97,
  "fields": {
    "summary": "\u041a\u0440\u0435\u0434\u0438\u0442\u044b \u041c\u0421\u0411555",
    "description": "",
    "status": 2,
    "type": 1,
    "project": 1,
    "create": "2019-11-07T11:35:16.965Z",
    "update": "2019-11-07T11:44:26.116Z",
    "created_by": 2,
    "assigned_to": 5
  }
},
{
  "model": "webapp.issue",
  "pk": 98,
  "fields": {
    "summary": "\u0410\u043a\u043a\u0440\u0435\u0434\u0438\u0442\u0438\u0432",
    "description": "\u0420\u0430\u0437\u0440\u0430\u0431\u043e\u0442\u0430\u0442\u044c \u043f\u0440\u043e\u0446\u0435\u0434\u0443\u0440\u0443 \u043f\u043e \u0430\u043a\u043a\u0440\u0435\u0434\u0438\u0442\u0438\u0432\u0430\u043c. \u0420\u0430\u0441\u0441\u043c\u043e\u0442\u0440\u0435\u0442\u044c \u0443\u0441\u043b\u043e\u0432\u0438\u044f \u0434\u043b\u044f \u043f\u043e\u0441\u0442\u0430\u0432\u0449\u0438\u043a\u043e\u0432.",
    "status": 2,
    "type": 1,
    "project": 27,
    "create": "2019-11-07T11:49:18.960Z",
    "update": "2019-11-07T11:52:36.287Z",
    "created_by": 5,
    "assigned_to": 4
  }
},
{
  "model": "webapp.issue",
  "pk": 99,
  "fields": {
    "summary": "\u0426\u0435\u043d\u043d\u044b\u0435 \u0431\u0443\u043c\u0430\u0433\u0438",
    "description": "",
    "status": 2,
    "type": 4,
    "project": 27,
    "create": "2019-11-07T11:49:43.922Z",
    "update": "2019-11-07T11:49:44.576Z",
    "created_by": 5,
    "assigned_to": 2
  }
},
{
  "model": "webapp.issue",
  "pk": 100,
  "fields": {
    "summary": "\u041a\u0430\u0440\u0442\u043e\u0447\u043d\u044b\u0439 \u043f\u0440\u043e\u0435\u043a\u0442.",
    "description": "\u0417\u0430\u0440\u043f\u043b\u0430\u0442\u043d\u044b\u0439 \u043f\u0440\u043e\u0435\u043a\u0442, \u043d\u0430\u0447\u0438\u0441\u043b\u0435\u043d\u0438\u0435 \u043f\u0440\u043e\u0446\u0435\u043d\u0442\u043e\u0432 \u043d\u0430 \u0441\u0440\u0435\u0434\u043d\u0435\u0434\u043d\u0435\u0432\u043d\u044b\u0435 \u043e\u0441\u0442\u0430\u0442\u043a\u0438, \u043a\u0430\u043f\u0438\u0442\u0430\u043b\u0438\u0437\u0430\u0446\u0438\u044f \u043f\u0440\u043e\u0446\u0435\u043d\u0442\u043e\u0432 \u043a\u0430\u0436\u0434\u044b\u0439 \u043c\u0435\u0441\u044f\u0446.",
    "status": 2,
    "type": 4,
    "project": 30,
    "create": "2019-11-07T11:50:59.517Z",
    "update": "2019-11-07T11:51:34.583Z",
    "created_by": 5,
    "assigned_to": 1
  }
},
{
  "model": "webapp.issue",
  "pk": 101,
  "fields": {
    "summary": "\u041a\u043e\u043d\u0432\u0435\u0440\u0442\u0430\u0446\u0438\u044f.",
    "description": "\u041f\u0435\u0440\u0435\u0441\u043c\u043e\u0442\u0440\u0435\u0442\u044c \u0443\u0441\u0442\u0430\u043d\u043e\u0432\u043b\u0435\u043d\u0438\u044f \u0438\u043d\u0434\u0438\u0432\u0438\u0434\u0443\u0430\u043b\u044c\u043d\u044b\u0445 \u043a\u0443\u0440\u0441\u043e\u0432 \u043f\u043e\u043a\u0443\u043f\u043a\u0438 \u043f\u0440\u043e\u0434\u0430\u0436\u0438 \u0432\u0430\u043b\u044e\u0442\u044b \u0434\u043b\u044f \u0412\u0418\u041f \u043a\u043b\u0438\u0435\u043d\u0442\u043e\u0432.",
    "status": 3,
    "type": 1,
    "project": 27,
    "create": "2019-11-07T11:54:03.032Z",
    "update": "2019-11-14T12:08:27.035Z",
    "created_by": 5,
    "assigned_to": 5
  }
},
{
  "model": "webapp.issue",
  "pk": 102,
  "fields": {
    "summary": "\u041f\u0435\u043d\u0441\u0438\u043e\u043d\u043d\u044b\u0435 \u043a\u0430\u0440\u0442\u044b",
    "description": "\u0420\u0430\u0441\u0441\u043c\u043e\u0442\u0440\u0435\u0442\u044c \u0432\u043e\u0437\u043c\u043e\u0436\u043d\u043e\u0441\u0442\u044c \u043d\u0430\u0447\u0438\u0441\u043b\u0435\u043d\u0438\u044f \u0441\u0443\u043c\u043c\u044b \u043d\u0430 \u043a\u0430\u0440\u0442\u043e\u0447\u043d\u044b\u0435 \u0441\u0447\u0435\u0442\u0430 \u043f\u0435\u043d\u0441\u0438\u043e\u043d\u0435\u0440\u043e\u0432 \u043a\u043e \u0434\u043d\u044e \u043f\u043e\u0436\u0438\u043b\u044b\u0445 \u043b\u044e\u0434\u0435\u0439.",
    "status": 10,
    "type": 4,
    "project": 30,
    "create": "2019-11-07T11:55:50.896Z",
    "update": "2019-11-07T11:55:51.490Z",
    "created_by": 5,
    "assigned_to": 1
  }
},
{
  "model": "webapp.issue",
  "pk": 104,
  "fields": {
    "summary": "\u041f\u043e\u0442\u0440\u0435\u0431\u0438\u0442\u0435\u043b\u044c\u0441\u043a\u0438\u0438\u0435 \u043a\u0440\u0435\u0434\u0438\u0442\u044b",
    "description": "",
    "status": 2,
    "type": 4,
    "project": 1,
    "create": "2019-11-07T12:18:46.173Z",
    "update": "2019-11-07T12:18:46.927Z",
    "created_by": 1,
    "assigned_to": 5
  }
},
{
  "model": "webapp.issue",
  "pk": 105,
  "fields": {
    "summary": "\u041f\u043e\u043b\u0443\u0447\u0430\u0435\u0442\u0441\u044f \u0434\u043e\u0431\u0430\u0432\u0438\u0442\u044c \u0437\u0430\u0434\u0430\u0447\u0443",
    "description": "",
    "status": 2,
    "type": 4,
    "project": 2,
    "create": "2019-11-07T12:56:44.903Z",
    "update": "2019-11-07T12:56:45.239Z",
    "created_by": 3,
    "assigned_to": 4
  }
},
{
  "model": "webapp.issue",
  "pk": 106,
  "fields": {
    "summary": "\u0412 \u044d\u0442\u043e\u043c \u043f\u0440\u043e\u0435\u043a\u0442\u0435 \u0442\u043e\u0436\u0435 \u043f\u043e\u043b\u0443\u0447\u0430\u0435\u0442\u0441\u044f \u0434\u043e\u0431\u0430\u0432\u0438\u0442\u044c \u0437\u0430\u0434\u0430\u0447\u0443",
    "description": "",
    "status": 3,
    "type": 3,
    "project": 1,
    "create": "2019-11-07T13:53:05.625Z",
    "update": "2019-11-07T13:53:05.980Z",
    "created_by": 2,
    "assigned_to": 5
  }
},
{
  "model": "webapp.issue",
  "pk": 107,
  "fields": {
    "summary": "\u0432 \u044d\u0442\u043e\u0442 \u043f\u0440\u043e\u0435\u043a\u0442 \u0442\u043e\u0436\u0435 \u043f\u043e\u043b\u0443\u0447\u0430\u0435\u0442\u0441\u044f \u0434\u043e\u0431\u0430\u0432\u0438\u0442\u044c \u0437\u0430\u0434\u0430\u0447\u0443",
    "description": "",
    "status": 3,
    "type": 1,
    "project": 3,
    "create": "2019-11-07T13:53:59.462Z",
    "update": "2019-11-07T13:53:59.871Z",
    "created_by": 2,
    "assigned_to": 4
  }
},
{
  "model": "webapp.issue",
  "pk": 109,
  "fields": {
    "summary": "deleteview",
    "description": "",
    "status": 2,
    "type": 3,
    "project": 38,
    "create": "2019-11-14T12:09:05.431Z",
    "update": "2019-11-14T12:09:43.463Z",
    "created_by": 2,
    "assigned_to": 5
  }
},
{
  "model": "webapp.status",
  "pk": 1,
  "fields": {
    "status": "New"
  }
},
{
  "model": "webapp.status",
  "pk": 2,
  "fields": {
    "status": "In process"
  }
},
{
  "model": "webapp.status",
  "pk": 3,
  "fields": {
    "status": "Done"
  }
},
{
  "model": "webapp.status",
  "pk": 10,
  "fields": {
    "status": "Cool"
  }
},
{
  "model": "webapp.type",
  "pk": 1,
  "fields": {
    "type": "Task"
  }
},
{
  "model": "webapp.type",
  "pk": 3,
  "fields": {
    "type": "Enhancement"
  }
},
{
  "model": "webapp.type",
  "pk": 4,
  "fields": {
    "type": "Research"
  }
},
{
  "model": "webapp.type",
  "pk": 7,
  "fields": {
    "type": "Old"
  }
},
{
  "model": "webapp.type",
  "pk": 15,
  "fields": {
    "type": "Bug"
  }
},
{
  "model": "webapp.project",
  "pk": 1,
  "fields": {
    "project": "Loans",
    "specification": "This project for monitoring loans granted, refused and past due. \r\nrefused and past due",
    "date_create": "2019-10-08T03:31:26.695Z",
    "date_update": "2019-11-13T11:30:49.360Z",
    "status": "active"
  }
},
{
  "model": "webapp.project",
  "pk": 2,
  "fields": {
    "project": "New products",
    "specification": "Project for attracting deposits. Development of the concept of working with deposits.",
    "date_create": "2019-10-08T03:33:25.692Z",
    "date_update": "2019-10-10T07:00:34.221Z",
    "status": "active"
  }
},
{
  "model": "webapp.project",
  "pk": 3,
  "fields": {
    "project": "Service for individuals.",
    "specification": "Development of a procedure for conducting operations on safe boxes.",
    "date_create": "2019-10-08T03:35:49.280Z",
    "date_update": "2019-10-10T07:00:44.879Z",
    "status": "active"
  }
},
{
  "model": "webapp.project",
  "pk": 4,
  "fields": {
    "project": "Cost accounting",
    "specification": "Accounting for all administrative expenses.",
    "date_create": "2019-10-08T03:37:50.400Z",
    "date_update": "2019-10-08T03:37:50.400Z",
    "status": "active"
  }
},
{
  "model": "webapp.project",
  "pk": 5,
  "fields": {
    "project": "Legal entities service.",
    "specification": "Development of procedures for servicing legal entities.",
    "date_create": "2019-10-08T03:41:02.943Z",
    "date_update": "2019-10-08T03:41:02.944Z",
    "status": "closed"
  }
},
{
  "model": "webapp.project",
  "pk": 12,
  "fields": {
    "project": "\u0434\u043e\u043c\u0430\u0448\u043a\u0430",
    "specification": "\u0417\u0430\u043a\u043e\u043d\u0447\u0438\u043b\u0430",
    "date_create": "2019-10-09T13:51:12.808Z",
    "date_update": "2019-10-10T09:49:07.939Z",
    "status": "closed"
  }
},
{
  "model": "webapp.project",
  "pk": 26,
  "fields": {
    "project": "Cash Operations",
    "specification": "Cash Operations Procedures.",
    "date_create": "2019-10-10T09:47:11.813Z",
    "date_update": "2019-11-07T10:42:29.311Z",
    "status": "closed"
  }
},
{
  "model": "webapp.project",
  "pk": 27,
  "fields": {
    "project": "Individuals.",
    "specification": "",
    "date_create": "2019-10-10T09:50:24.874Z",
    "date_update": "2019-10-13T07:00:43.423Z",
    "status": "active"
  }
},
{
  "model": "webapp.project",
  "pk": 29,
  "fields": {
    "project": "HR",
    "specification": "The formation of the staff of the bank",
    "date_create": "2019-10-11T14:48:32.853Z",
    "date_update": "2019-10-12T06:39:09.265Z",
    "status": "closed"
  }
},
{
  "model": "webapp.project",
  "pk": 30,
  "fields": {
    "project": "Card",
    "specification": "Development of the business process for card services",
    "date_create": "2019-10-12T06:30:13.100Z",
    "date_update": "2019-10-12T06:30:13.100Z",
    "status": "active"
  }
},
{
  "model": "webapp.project",
  "pk": 38,
  "fields": {
    "project": "New test",
    "specification": "",
    "date_create": "2019-11-13T11:01:08.211Z",
    "date_update": "2019-11-14T12:12:38.181Z",
    "status": "active"
  }
},
{
  "model": "webapp.team",
  "pk": 1,
  "fields": {
    "user": 2,
    "project": 1,
    "start": "2019-10-01",
    "finish": "2019-11-14"
  }
},
{
  "model": "webapp.team",
  "pk": 2,
  "fields": {
    "user": 3,
    "project": 26,
    "start": "2019-08-20",
    "finish": "2019-12-01"
  }
},
{
  "model": "webapp.team",
  "pk": 3,
  "fields": {
    "user": 4,
    "project": 2,
    "start": "2019-10-01",
    "finish": "2019-11-14"
  }
},
{
  "model": "webapp.team",
  "pk": 4,
  "fields": {
    "user": 1,
    "project": 1,
    "start": "2019-11-04",
    "finish": "2019-11-14"
  }
},
{
  "model": "webapp.team",
  "pk": 5,
  "fields": {
    "user": 5,
    "project": 5,
    "start": "2019-10-01",
    "finish": null
  }
},
{
  "model": "webapp.team",
  "pk": 6,
  "fields": {
    "user": 3,
    "project": 26,
    "start": "2019-08-20",
    "finish": null
  }
},
{
  "model": "webapp.team",
  "pk": 7,
  "fields": {
    "user": 4,
    "project": 27,
    "start": "2019-08-20",
    "finish": null
  }
},
{
  "model": "webapp.team",
  "pk": 8,
  "fields": {
    "user": 5,
    "project": 1,
    "start": "2019-08-20",
    "finish": "2019-11-01"
  }
},
{
  "model": "webapp.team",
  "pk": 9,
  "fields": {
    "user": 3,
    "project": 4,
    "start": "2019-10-01",
    "finish": "2019-11-14"
  }
},
{
  "model": "webapp.team",
  "pk": 10,
  "fields": {
    "user": 3,
    "project": 2,
    "start": "2019-11-07",
    "finish": "2019-11-14"
  }
},
{
  "model": "webapp.team",
  "pk": 11,
  "fields": {
    "user": 4,
    "project": 3,
    "start": null,
    "finish": "2019-11-14"
  }
},
{
  "model": "webapp.team",
  "pk": 12,
  "fields": {
    "user": 2,
    "project": 27,
    "start": "2019-11-01",
    "finish": null
  }
},
{
  "model": "webapp.team",
  "pk": 13,
  "fields": {
    "user": 5,
    "project": 4,
    "start": "2019-11-04",
    "finish": "2019-11-14"
  }
},
{
  "model": "webapp.team",
  "pk": 14,
  "fields": {
    "user": 2,
    "project": 3,
    "start": "2019-08-20",
    "finish": "2019-11-14"
  }
},
{
  "model": "webapp.team",
  "pk": 15,
  "fields": {
    "user": 5,
    "project": 27,
    "start": "2019-06-15",
    "finish": null
  }
},
{
  "model": "webapp.team",
  "pk": 16,
  "fields": {
    "user": 4,
    "project": 27,
    "start": "2019-07-16",
    "finish": null
  }
},
{
  "model": "webapp.team",
  "pk": 17,
  "fields": {
    "user": 1,
    "project": 30,
    "start": "2019-10-20",
    "finish": "2019-11-14"
  }
},
{
  "model": "webapp.team",
  "pk": 18,
  "fields": {
    "user": 5,
    "project": 30,
    "start": "2019-09-20",
    "finish": "2019-11-14"
  }
},
{
  "model": "webapp.team",
  "pk": 19,
  "fields": {
    "user": 3,
    "project": 38,
    "start": "2019-11-13",
    "finish": "2019-11-14"
  }
},
{
  "model": "webapp.team",
  "pk": 20,
  "fields": {
    "user": 4,
    "project": 38,
    "start": "2019-11-13",
    "finish": "2019-11-14"
  }
},
{
  "model": "webapp.team",
  "pk": 21,
  "fields": {
    "user": 1,
    "project": 38,
    "start": "2019-11-13",
    "finish": "2019-11-14"
  }
},
{
  "model": "webapp.team",
  "pk": 22,
  "fields": {
    "user": 5,
    "project": 38,
    "start": null,
    "finish": "2019-11-14"
  }
},
{
  "model": "webapp.team",
  "pk": 23,
  "fields": {
    "user": 1,
    "project": 38,
    "start": null,
    "finish": "2019-11-14"
  }
},
{
  "model": "webapp.team",
  "pk": 24,
  "fields": {
    "user": 2,
    "project": 38,
    "start": null,
    "finish": "2019-11-14"
  }
},
{
  "model": "webapp.team",
  "pk": 25,
  "fields": {
    "user": 1,
    "project": 38,
    "start": null,
    "finish": "2019-11-14"
  }
},
{
  "model": "webapp.team",
  "pk": 26,
  "fields": {
    "user": 3,
    "project": 30,
    "start": null,
    "finish": "2019-11-14"
  }
},
{
  "model": "webapp.team",
  "pk": 27,
  "fields": {
    "user": 2,
    "project": 30,
    "start": "2019-11-14",
    "finish": "2019-11-14"
  }
},
{
  "model": "webapp.team",
  "pk": 28,
  "fields": {
    "user": 2,
    "project": 30,
    "start": "2019-11-14",
    "finish": "2019-11-14"
  }
},
{
  "model": "webapp.team",
  "pk": 29,
  "fields": {
    "user": 2,
    "project": 30,
    "start": "2019-11-14",
    "finish": "2019-11-14"
  }
},
{
  "model": "webapp.team",
  "pk": 30,
  "fields": {
    "user": 1,
    "project": 30,
    "start": "2019-11-14",
    "finish": "2019-11-14"
  }
},
{
  "model": "webapp.team",
  "pk": 31,
  "fields": {
    "user": 4,
    "project": 30,
    "start": "2019-11-14",
    "finish": "2019-11-14"
  }
},
{
  "model": "webapp.team",
  "pk": 32,
  "fields": {
    "user": 2,
    "project": 30,
    "start": "2019-11-14",
    "finish": "2019-11-14"
  }
},
{
  "model": "webapp.team",
  "pk": 33,
  "fields": {
    "user": 3,
    "project": 30,
    "start": "2019-11-14",
    "finish": "2019-11-14"
  }
},
{
  "model": "webapp.team",
  "pk": 34,
  "fields": {
    "user": 4,
    "project": 30,
    "start": "2019-11-14",
    "finish": "2019-11-14"
  }
},
{
  "model": "webapp.team",
  "pk": 35,
  "fields": {
    "user": 2,
    "project": 4,
    "start": "2019-11-14",
    "finish": null
  }
},
{
  "model": "webapp.team",
  "pk": 36,
  "fields": {
    "user": 4,
    "project": 2,
    "start": "2019-11-14",
    "finish": "2019-11-14"
  }
},
{
  "model": "webapp.team",
  "pk": 37,
  "fields": {
    "user": 2,
    "project": 30,
    "start": "2019-11-14",
    "finish": null
  }
},
{
  "model": "webapp.team",
  "pk": 38,
  "fields": {
    "user": 2,
    "project": 3,
    "start": "2019-11-14",
    "finish": null
  }
},
{
  "model": "webapp.team",
  "pk": 39,
  "fields": {
    "user": 3,
    "project": 3,
    "start": "2019-11-14",
    "finish": null
  }
},
{
  "model": "webapp.team",
  "pk": 40,
  "fields": {
    "user": 1,
    "project": 2,
    "start": "2019-11-14",
    "finish": "2019-11-14"
  }
},
{
  "model": "webapp.team",
  "pk": 41,
  "fields": {
    "user": 4,
    "project": 2,
    "start": "2019-11-14",
    "finish": "2019-11-14"
  }
},
{
  "model": "webapp.team",
  "pk": 42,
  "fields": {
    "user": 4,
    "project": 2,
    "start": "2019-11-14",
    "finish": null
  }
},
{
  "model": "webapp.team",
  "pk": 43,
  "fields": {
    "user": 2,
    "project": 38,
    "start": "2019-11-14",
    "finish": null
  }
},
{
  "model": "webapp.team",
  "pk": 44,
  "fields": {
    "user": 2,
    "project": 1,
    "start": "2019-11-14",
    "finish": null
  }
},
{
  "model": "webapp.team",
  "pk": 45,
  "fields": {
    "user": 3,
    "project": 1,
    "start": "2019-11-14",
    "finish": null
  }
}
]
