[
{
  "model": "webapp.issue",
  "pk": 1,
  "fields": {
    "summary": "Create a task for the menu \"Loans\"",
    "description": "Write a task for the menu \"Loans\". Add a field for calculating limits on new loans.",
    "status": 1,
    "type": 4,
    "project": 1,
    "create": "2019-09-24T00:00:00Z",
    "update": "2019-10-14T12:28:21.267Z"
  }
},
{
  "model": "webapp.issue",
  "pk": 2,
  "fields": {
    "summary": "Correct an error in menu \"Retail\"",
    "description": "Correct an error in menu \"Retail. Correct the calculation of the commission for translation services.",
    "status": 3,
    "type": 1,
    "project": 2,
    "create": "2019-09-24T00:00:00Z",
    "update": "2019-10-14T12:32:29.478Z"
  }
},
{
  "model": "webapp.issue",
  "pk": 3,
  "fields": {
    "summary": "Menu \"Deposits\"",
    "description": "Change effective interest rate on term deposits.",
    "status": 3,
    "type": 1,
    "project": 3,
    "create": "2019-09-24T15:30:37.471Z",
    "update": "2019-10-14T12:52:24.367Z"
  }
},
{
  "model": "webapp.issue",
  "pk": 4,
  "fields": {
    "summary": "Safe Box Operations",
    "description": "Create models of agreements for the use of safe boxes in connection with the implementation of this service.",
    "status": 1,
    "type": 4,
    "project": 3,
    "create": "2019-09-24T15:33:23.841Z",
    "update": "2019-10-14T12:28:21.267Z"
  }
},
{
  "model": "webapp.issue",
  "pk": 5,
  "fields": {
    "summary": "Internet banking",
    "description": "Improve Internet banking for payments on loan repayments, crediting funds on the same business day.",
    "status": 3,
    "type": 3,
    "project": 5,
    "create": "2019-09-24T00:00:00Z",
    "update": "2019-10-14T12:32:46.882Z"
  }
},
{
  "model": "webapp.issue",
  "pk": 6,
  "fields": {
    "summary": "Internet banking test, menu acounting.",
    "description": "",
    "status": 1,
    "type": 1,
    "project": 5,
    "create": "2019-09-25T00:00:00Z",
    "update": "2019-10-14T12:28:21.267Z"
  }
},
{
  "model": "webapp.issue",
  "pk": 7,
  "fields": {
    "summary": "Salary",
    "description": "Change the payroll program, change the income tax rate.",
    "status": 3,
    "type": 3,
    "project": 4,
    "create": "2019-09-25T13:44:53.565Z",
    "update": "2019-10-14T12:52:43.165Z"
  }
},
{
  "model": "webapp.issue",
  "pk": 8,
  "fields": {
    "summary": "Bank operational day",
    "description": "Recalculate all taxes and depreciation expenses.",
    "status": 2,
    "type": 1,
    "project": 4,
    "create": "2019-09-26T10:51:31.412Z",
    "update": "2019-10-14T12:28:21.267Z"
  }
},
{
  "model": "webapp.issue",
  "pk": 43,
  "fields": {
    "summary": "\u0434\u043e\u043c\u0430\u0448\u043a\u0430 53",
    "description": "\u0421\u0434\u0435\u043b\u0430\u043b\u0430 \u0438 \u0431\u043e\u043d\u0443\u0441 \u0442\u043e\u0436\u0435.",
    "status": 2,
    "type": 1,
    "project": 12,
    "create": "2019-10-09T13:51:37.505Z",
    "update": "2019-10-14T12:31:12.544Z"
  }
},
{
  "model": "webapp.issue",
  "pk": 44,
  "fields": {
    "summary": "New loans products.",
    "description": "Develop interest rates for a new type of loan. Develop a pledge agreement.",
    "status": 2,
    "type": 4,
    "project": 1,
    "create": "2019-10-09T14:24:46.511Z",
    "update": "2019-10-14T12:28:21.267Z"
  }
},
{
  "model": "webapp.issue",
  "pk": 50,
  "fields": {
    "summary": "Deposits",
    "description": "Create new",
    "status": 1,
    "type": 1,
    "project": 26,
    "create": "2019-10-10T09:47:38.984Z",
    "update": "2019-10-14T12:28:21.267Z"
  }
},
{
  "model": "webapp.issue",
  "pk": 51,
  "fields": {
    "summary": "Overdraft",
    "description": "Overdraft for a salary project. Change commission for overdraft issuance.",
    "status": 2,
    "type": 1,
    "project": 27,
    "create": "2019-10-10T09:50:41.157Z",
    "update": "2019-10-14T12:32:10.881Z"
  }
},
{
  "model": "webapp.issue",
  "pk": 52,
  "fields": {
    "summary": "\u043b\u043b\u043b\u043b\u043b",
    "description": "",
    "status": 1,
    "type": 4,
    "project": 26,
    "create": "2019-10-10T09:52:32.665Z",
    "update": "2019-10-14T12:28:21.267Z"
  }
},
{
  "model": "webapp.status",
  "pk": 1,
  "fields": {
    "status": "New"
  }
},
{
  "model": "webapp.status",
  "pk": 2,
  "fields": {
    "status": "In process"
  }
},
{
  "model": "webapp.status",
  "pk": 3,
  "fields": {
    "status": "Done"
  }
},
{
  "model": "webapp.status",
  "pk": 10,
  "fields": {
    "status": "Cool"
  }
},
{
  "model": "webapp.type",
  "pk": 1,
  "fields": {
    "type": "Task"
  }
},
{
  "model": "webapp.type",
  "pk": 3,
  "fields": {
    "type": "Enhancement"
  }
},
{
  "model": "webapp.type",
  "pk": 4,
  "fields": {
    "type": "Research"
  }
},
{
  "model": "webapp.type",
  "pk": 7,
  "fields": {
    "type": "Old"
  }
},
{
  "model": "webapp.type",
  "pk": 15,
  "fields": {
    "type": "Bug"
  }
},
{
  "model": "webapp.project",
  "pk": 1,
  "fields": {
    "project": "Loans",
    "specification": "This project for monitoring loans granted, refused and past due. \r\nrefused and past due",
    "date_create": "2019-10-08T03:31:26.695Z",
    "date_update": "2019-10-10T07:00:23.165Z",
    "status": "active"
  }
},
{
  "model": "webapp.project",
  "pk": 2,
  "fields": {
    "project": "New products",
    "specification": "Project for attracting deposits. Development of the concept of working with deposits.",
    "date_create": "2019-10-08T03:33:25.692Z",
    "date_update": "2019-10-10T07:00:34.221Z",
    "status": "active"
  }
},
{
  "model": "webapp.project",
  "pk": 3,
  "fields": {
    "project": "Service for individuals.",
    "specification": "Development of a procedure for conducting operations on safe boxes.",
    "date_create": "2019-10-08T03:35:49.280Z",
    "date_update": "2019-10-10T07:00:44.879Z",
    "status": "active"
  }
},
{
  "model": "webapp.project",
  "pk": 4,
  "fields": {
    "project": "Cost accounting",
    "specification": "Accounting for all administrative expenses.",
    "date_create": "2019-10-08T03:37:50.400Z",
    "date_update": "2019-10-08T03:37:50.400Z",
    "status": "active"
  }
},
{
  "model": "webapp.project",
  "pk": 5,
  "fields": {
    "project": "Legal entities service.",
    "specification": "Development of procedures for servicing legal entities.",
    "date_create": "2019-10-08T03:41:02.943Z",
    "date_update": "2019-10-08T03:41:02.944Z",
    "status": "closed"
  }
},
{
  "model": "webapp.project",
  "pk": 12,
  "fields": {
    "project": "\u0434\u043e\u043c\u0430\u0448\u043a\u0430",
    "specification": "\u0417\u0430\u043a\u043e\u043d\u0447\u0438\u043b\u0430",
    "date_create": "2019-10-09T13:51:12.808Z",
    "date_update": "2019-10-10T09:49:07.939Z",
    "status": "closed"
  }
},
{
  "model": "webapp.project",
  "pk": 26,
  "fields": {
    "project": "Cash Operations",
    "specification": "Cash Operations Procedures.",
    "date_create": "2019-10-10T09:47:11.813Z",
    "date_update": "2019-10-12T06:42:15.740Z",
    "status": "closed"
  }
},
{
  "model": "webapp.project",
  "pk": 27,
  "fields": {
    "project": "Individuals.",
    "specification": "",
    "date_create": "2019-10-10T09:50:24.874Z",
    "date_update": "2019-10-13T07:00:43.423Z",
    "status": "active"
  }
},
{
  "model": "webapp.project",
  "pk": 29,
  "fields": {
    "project": "HR",
    "specification": "The formation of the staff of the bank",
    "date_create": "2019-10-11T14:48:32.853Z",
    "date_update": "2019-10-12T06:39:09.265Z",
    "status": "closed"
  }
},
{
  "model": "webapp.project",
  "pk": 30,
  "fields": {
    "project": "Card",
    "specification": "Development of the business process for card services",
    "date_create": "2019-10-12T06:30:13.100Z",
    "date_update": "2019-10-12T06:30:13.100Z",
    "status": "active"
  }
},
{
  "model": "auth.user",
  "pk": 1,
  "fields": {
    "password": "pbkdf2_sha256$150000$EvCMtW1lQD01$RZMVLWl3DyejlKgYKjno8/rbO/gRDRv/OqZ5Dv268IU=",
    "last_login": "2019-11-04T12:16:17.964Z",
    "is_superuser": true,
    "username": "admin",
    "first_name": "",
    "last_name": "",
    "email": "",
    "is_staff": true,
    "is_active": true,
    "date_joined": "2019-09-24T11:17:19.070Z",
    "groups": [],
    "user_permissions": []
  }
},
{
  "model": "auth.user",
  "pk": 2,
  "fields": {
    "password": "pbkdf2_sha256$150000$pOjg9PsUy8g1$2CqA+vWhAc689AkSkKrKzaStSXUW5uXSvseFqnhyEM0=",
    "last_login": "2019-11-04T12:24:06.864Z",
    "is_superuser": false,
    "username": "Aidin",
    "first_name": "Aidin",
    "last_name": "",
    "email": "aidin09@gmail.com",
    "is_staff": false,
    "is_active": true,
    "date_joined": "2019-11-03T07:57:34.699Z",
    "groups": [],
    "user_permissions": []
  }
},
{
  "model": "auth.user",
  "pk": 3,
  "fields": {
    "password": "pbkdf2_sha256$150000$7BHa6hfMVEv1$WDQeJK4v7XBRI5C84TsdWLFS+JtjficYQH4kh/YUzsQ=",
    "last_login": "2019-11-04T12:25:13.513Z",
    "is_superuser": false,
    "username": "Nadina",
    "first_name": "Nadina",
    "last_name": "",
    "email": "nadina@gmail.com",
    "is_staff": false,
    "is_active": true,
    "date_joined": "2019-11-03T07:58:40.088Z",
    "groups": [],
    "user_permissions": []
  }
},
{
  "model": "auth.user",
  "pk": 4,
  "fields": {
    "password": "pbkdf2_sha256$150000$oOnIrdAX80Rf$T3jEPGjaNa9yYUgKSG9AK3jDpYmONzYU4g7DjxiCnDY=",
    "last_login": "2019-11-04T12:26:01.925Z",
    "is_superuser": false,
    "username": "Nursik",
    "first_name": "Nursultan",
    "last_name": "",
    "email": "robert198687@gmail.com",
    "is_staff": false,
    "is_active": true,
    "date_joined": "2019-11-03T12:40:07.997Z",
    "groups": [],
    "user_permissions": []
  }
},
{
  "model": "auth.user",
  "pk": 5,
  "fields": {
    "password": "pbkdf2_sha256$150000$5PQsLN0BPrX0$+uFq32BgmA3eBDsB6+7kUjAZjwojeV1Z4fiP5zLe6H0=",
    "last_login": "2019-11-04T12:27:53.067Z",
    "is_superuser": false,
    "username": "Chinese",
    "first_name": "Sanjar",
    "last_name": "",
    "email": "trumpusa@gmail.com",
    "is_staff": false,
    "is_active": true,
    "date_joined": "2019-11-04T12:27:52.160Z",
    "groups": [],
    "user_permissions": []
  }
},
{
  "model": "webapp.team",
  "pk": 1,
  "fields": {
    "user": 2,
    "project": 1,
    "start": "2019-10-01",
    "finish": "2019-01-31"
  }
},
{
  "model": "webapp.team",
  "pk": 2,
  "fields": {
    "user": 3,
    "project": 26,
    "start": "2019-08-20",
    "finish": "2019-12-01"
  }
},
{
  "model": "webapp.team",
  "pk": 3,
  "fields": {
    "user": 4,
    "project": 26,
    "start": null,
    "finish": null
  }
},
{
  "model": "webapp.team",
  "pk": 4,
  "fields": {
    "user": 1,
    "project": 1,
    "start": "2019-11-04",
    "finish": "2019-11-04"
  }
}
]
